扁霖老ID,矫焙备内靛,矫焙备疙,牢备荐,傈扁瞒荐
20221105,11110,辆肺备,299,571
20221105,11170,侩魂备,296,187
20221105,11305,碍合备,292,881
20221105,11380,篮乞备,438,1349
20221105,11410,辑措巩备,368,348
20221105,11470,剧玫备,372,1085
20221105,11680,碍巢备,769,10954
20221105,11140,吝备,268,267
20221105,11200,己悼备,346,242
20221105,11215,堡柳备,385,389
20221105,11230,悼措巩备,368,127
20221105,11260,吝尔备,355,345
20221105,11290,己合备,431,207
20221105,11320,档豪备,272,243
20221105,11350,畴盔备,496,259
20221105,11440,付器备,480,407
20221105,11470,剧玫备,372,311
20221105,11500,碍辑备,541,228
20221105,11530,备肺备,412,352
20221105,11545,陛玫备,214,157
20221105,11560,康殿器备,485,307
20221105,11590,悼累备,396,204
20221105,11620,包厩备,488,148
20221105,11650,辑檬备,531,3152
20221105,11710,价颇备,746,208
20221105,11740,碍悼备,505,1577
